SELLER_SKU,PRODUCT_SID,STOCK,NAME
06,fe37b86e-f77a-439c-b1a6-f3b6324d567f,50,JBL Flip 7 Waterproof Bluetooth 5.4 Speaker with 16-Hour Battery
09,fd639d81-17c1-479b-ae98-54dc3a4f22ae,,JBL Wave Beam 2 Noise Cancelling Wireless Earbuds with 40-Hour Battery
02,cb6fd6c0-d448-46f6-b0a9-49a0991f179d,50,"JBL Charge 5 Portable Waterproof Bluetooth Speaker in Pink, designed to deliver powerful audio in a chic, durable package."
01,239ad58a-248c-4146-ba27-6c04abd4b747,100,JBL Boombox 3 Squad Portable Bluetooth Speaker - Camouflage
03,3d8b3f84-6e5b-4708-9ebf-fd50f5f0fb31,,"JBL Boombox 4 Squad Edition, featuring a bold military-style camouflage design and massive sound output built for ultimate portability."
08,fe0b1811-a5db-4e50-b241-584abd9bc417,100,JBL Clip 5 Waterproof Bluetooth 5.3 Speaker with Integrated Carabiner (Black)
05,37acc937-2512-4b6e-bd21-62bbf8b5b64c,50, JBL PartyBox Encore 2 Portable Party Speaker with Wireless Microphone
07,a82989cb-8ddd-4a7f-a580-5759a13a2612,,: JBL Clip 4 Portable Waterproof Bluetooth Speaker - Black
04,4e215d63-0cfc-4738-8f13-07fa0b408572,100, JBL Tune Series Over-Ear Wireless Headphones in matte blacK
